state_or_ut,capital
Andhra Pradesh,Amaravati
Arunachal Pradesh,Itanagar
Assam,Dispur
Bihar,Patna
Chhattisgarh,Raipur
Goa,Panaji
Gujarat,Gandhinagar
Haryana,Chandigarh
Himachal Pradesh,Shimla
Jharkhand,Ranchi
Karnataka,Bengaluru (also known as Bangalore)
Kerala,Thiruvananthapuram
Madhya Pradesh,Bhopal
Maharashtra,Mumbai
Manipur,Imphal
Meghalaya,Shillong
Mizoram,Aizawl
Nagaland,Kohima
Odisha,Bhubaneswar
Punjab,Chandigarh
Rajasthan,Jaipur
Sikkim,Gangtok
Tamil Nadu,Chennai
Telangana,Hyderabad
Tripura,Agartala
Uttar Pradesh,Lucknow
Uttarakhand,Dehradun
West Bengal,Kolkata (also known as Calcutta)
Andaman and Nicobar Islands,Sri Vijay Puram (also known as Port Blair)
Chandigarh,Chandigarh
Dadra and Nagar Haveli and Daman and Diu,Daman
Jammu and Kashmir,Srinagar (summer) Jammu (winter)
Ladakh,Leh (summer) Kargil (winter)
Lakshadweep,Kavaratti
Delhi,New Delhi
Puducherry,Puducherry (city) (also known as Pondicherry)
