country_or_territory,capital
Abidjan (former capital; still hosts some government offices),Ivory Coast (Côte d'Ivoire)
Abu Dhabi,United Arab Emirates
Abuja,Nigeria
Accra,Ghana
Adamstown,Pitcairn Islands
Addis Ababa,Ethiopia
"Aden ( de facto , temporary)",Yemen
Episkopi Cantonment,Akrotiri and Dhekelia
Algiers,Algeria
Alofi,Niue
Amman,Jordan
Amsterdam (official),Netherlands
Andorra la Vella,Andorra
Ankara,Turkey
Antananarivo,Madagascar
Apia,Samoa
Ashgabat,Turkmenistan
Asmara,Eritrea
Astana,Kazakhstan
Asunción,Paraguay
Atafu (atoll administration),Tokelau
Nukunonu (atoll administration),Largest atoll . the population of people living there is 531.
Fakaofo (atoll administration),"Most populous city in this atoll is Fale, Tokelau"
Athens,Greece
Avarua,Cook Islands
Baghdad,Iraq
Baku,Azerbaijan
Bamako,Mali
Bandar Seri Begawan,Brunei
Bangkok,Thailand
Bangui,Central African Republic
Banjul,Gambia
Basseterre,Saint Kitts and Nevis
Beijing,China
Beirut,Lebanon
Belgrade,Serbia
Belmopan,Belize
Berlin,Germany
Bern ( de facto ),Switzerland
Bishkek,Kyrgyzstan
Bissau,Guinea-Bissau
Bloemfontein (judicial),South Africa
Bogotá,Colombia
Brades ( de facto ),Montserrat
Brasília,Brazil
Bratislava,Slovakia
Brazzaville,Congo
Bridgetown,Barbados
Brussels,Belgium
Bucharest,Romania
Budapest,Hungary
Buenos Aires,Argentina
Cairo,Egypt
Canberra,Australia
Caracas,Venezuela
Castries,Saint Lucia
Charlotte Amalie,United States Virgin Islands
Chișinău,Moldova
Cockburn Town,Turks and Caicos Islands
"Colombo (executive, judicial)",Sri Lanka
Sri Jayawardenepura Kotte (official),"Also known as Kotte, the city is a suburb of Colombo."
Conakry,Guinea
Copenhagen,Denmark
Cotonou (de facto),Benin
Dakar,Senegal
Damascus,Syria
Dhaka,Bangladesh
Dili,East Timor
Djibouti,Djibouti
Dodoma,Tanzania
Doha,Qatar
Douglas,Isle of Man
Dublin,Ireland
Dushanbe,Tajikistan
Edinburgh of the Seven Seas,Tristan da Cunha
Flying Fish Cove,Christmas Island
Freetown,Sierra Leone
Funafuti,Tuvalu
Gaborone,Botswana
George Town,Cayman Islands
Georgetown,Ascension Island
Georgetown,Guyana
Gibraltar,Gibraltar
Gitega ( de jure ),Burundi
Guatemala City,Guatemala
Gustavia,Saint Barthélemy
Hagåtña,Guam
Hamilton,Bermuda
Hanoi,Vietnam
Harare,Zimbabwe
Hargeisa,Somaliland
Havana,Cuba
Helsinki,Finland
Honiara,Solomon Islands
Islamabad,Pakistan
Jakarta ( de facto ),Indonesia
Jamestown,Saint Helena
Jerusalem,Israel
Juba,South Sudan
Kabul,Afghanistan
Kampala,Uganda
Kathmandu,Nepal
Khartoum,Sudan
Kigali,Rwanda
King Edward Point,South Georgia and the South Sandwich Islands
Kingston,Jamaica
Kingston,Norfolk Island
Kingstown,Saint Vincent and the Grenadines
Kinshasa,Democratic Republic of the Congo
"Kuala Lumpur ( de jure , legislative and royal)",Malaysia
Kuwait City,Kuwait
Kyiv,Ukraine
La Paz (administrative),Bolivia
Laayoune (declared),Western Sahara
Libreville,Gabon
Lilongwe,Malawi
Lima,Peru
Lisbon,Portugal
Ljubljana,Slovenia
Lobamba (royal and legislative),Eswatini
Lomé,Togo
London,United Kingdom
London (administration),British Indian Ocean Territory
Luanda,Angola
Lusaka,Zambia
Luxembourg,Luxembourg
Madrid,Spain
Majuro,Marshall Islands
Malabo,Equatorial Guinea
Malé,Maldives
Managua,Nicaragua
Manama,Bahrain
Manila,Philippines
Maputo,Mozambique
Mariehamn,Åland Islands
Marigot,Saint Martin
Maseru,Lesotho
Mata Utu,Wallis and Futuna
Mexico City,Mexico
Minsk,Belarus
Mogadishu,Somalia
Monaco,Monaco
Monrovia,Liberia
Montevideo,Uruguay
Moroni,Comoros
Moscow,Russia
Muscat,Oman
Nairobi,Kenya
Nassau,"Bahamas, The"
Naypyidaw,Myanmar
N'Djamena,Chad
New Delhi,India
Ngerulmud,Palau
Niamey,Niger
Nicosia,Cyprus
Nouakchott,Mauritania
Nouméa,New Caledonia
Nukuʻalofa,Tonga
Nuuk,Greenland
Oranjestad,Aruba
Oslo,Norway
Ottawa,Canada
Ouagadougou,Burkina Faso
Pago Pago,American Samoa
Palikir,Micronesia
Panama City,Panama
Papeete,French Polynesia
Paramaribo,Suriname
Paris,France
Philipsburg,Sint Maarten
Phnom Penh,Cambodia
Podgorica,Montenegro
Port Louis,Mauritius
Port Moresby,Papua New Guinea
Port of Spain,Trinidad and Tobago
Port Vila,Vanuatu
Port-au-Prince,Haiti
Prague,Czech Republic
Praia,Cape Verde
Pristina,Kosovo
Pyongyang,North Korea
Quito,Ecuador
Rabat,Morocco
Reykjavík,Iceland
Riga,Latvia
Riyadh,Saudi Arabia
Road Town,British Virgin Islands
Rome,Italy
Roseau,Dominica
Rothera,British Antarctic Territory
Saipan,Northern Mariana Islands
San José,Costa Rica
San Juan,Puerto Rico
San Marino,San Marino
San Salvador,El Salvador
Santiago,Chile
Santo Domingo,Dominican Republic
São Tomé,São Tomé and Príncipe
Sarajevo,Bosnia and Herzegovina
Seoul,South Korea
Singapore,Singapore
Skopje,North Macedonia
Sofia,Bulgaria
South Tarawa,Kiribati
St. George's,Grenada
St. Helier,Jersey
St. John's,Antigua and Barbuda
St. Peter Port,Guernsey
St. Pierre,Saint Pierre and Miquelon
Stanley,Falkland Islands
Stockholm,Sweden
Sukhumi,Abkhazia
Suva,Fiji
Taipei,Taiwan
Tallinn,Estonia
Tashkent,Uzbekistan
Tbilisi,Georgia
Tegucigalpa,Honduras
Tehran,Iran
Thimphu,Bhutan
Tirana,Albania
Tiraspol,Transnistria
Tokyo,Japan
Tórshavn,Faroe Islands
Tripoli,Libya
Tskhinvali,South Ossetia
Tunis,Tunisia
Ulaanbaatar,Mongolia
Vaduz,Liechtenstein
Valletta,Malta
The Valley,Anguilla
Vatican City,Vatican City
Victoria,Seychelles
Vienna,Austria
Vientiane,Laos
Vilnius,Lithuania
Warsaw,Poland
"Washington, D.C.",United States
Wellington,New Zealand
West Island,Cocos (Keeling) Islands
Willemstad,Curaçao
Windhoek,Namibia
Yaoundé,Cameroon
Yaren ( de facto ),Nauru
Yerevan,Armenia
Zagreb,Croatia
